sector,survey_year,rank_in_group,firm_id,sales_per_employee,employees
Manufacturing,2014,1.0,565135,2881856.5636958,15.0
Manufacturing,2014,2.0,570778,2217170.291746607,62.0
Manufacturing,2014,3.0,566296,1470586.223183022,103.0
Manufacturing,2014,4.0,565826,1383291.150573984,150.0
Manufacturing,2014,5.0,565820,1235081.384441057,70.0
Manufacturing,2014,6.0,571041,1152742.62547832,9.0
Manufacturing,2014,7.0,568400,1069889.249272066,16.0
Manufacturing,2014,8.0,569970,1015854.438702769,40.0
Manufacturing,2014,9.0,566519,990205.9152858768,15.0
Manufacturing,2014,10.0,567351,864556.9691087401,20.0
Manufacturing,2022,1.0,872883,1151060.185860089,425.0
Manufacturing,2022,2.0,867250,1062916.993680589,325.0
Manufacturing,2022,3.0,872793,985762.8104667126,15.0
Manufacturing,2022,4.0,872606,885880.1086472818,25.0
Manufacturing,2022,5.0,866960,878900.7595457635,30.0
Manufacturing,2022,6.0,864669,804911.4410670851,186.0
Manufacturing,2022,7.0,871072,676037.9339493909,700.0
Manufacturing,2022,8.0,870057,666734.7806404658,15.0
Manufacturing,2022,9.0,867836,603217.798471509,18.0
Manufacturing,2022,10.0,867371,588343.2946951558,30.0
Manufacturing,2025,1.0,1606976,341483.7413060763,17.0
Manufacturing,2025,2.0,1606794,322512.4223446276,18.0
Manufacturing,2025,3.0,1611503,318968.32979139,312.0
Manufacturing,2025,4.0,1609869,286602.4257390284,68.0
Manufacturing,2025,5.0,1606441,276439.219152538,18.0
Manufacturing,2025,6.0,1609451,236947.9021307468,175.0
Manufacturing,2025,7.0,1602843,236947.9021307468,210.0
Manufacturing,2025,8.0,1605042,230366.0159604483,90.0
Manufacturing,2025,9.0,1611379,222879.1204417337,320.0
Manufacturing,2025,10.0,1611527,218276.407442844,250.0
Services,2014,1.0,563532,1556202.544395732,5.0
Services,2014,2.0,562676,1440928.2818479,18.0
Services,2014,3.0,564168,1244962.035516585,25.0
Services,2014,4.0,562384,1152742.62547832,15.0
Services,2014,5.0,562864,1060523.215440054,15.0
Services,2014,6.0,564166,862482.032382879,10.0
Services,2014,7.0,562860,829974.6903443903,15.0
Services,2014,8.0,562863,707364.7929071509,22.0
Services,2014,9.0,562345,691645.5752869919,15.0
Services,2014,10.0,562865,672433.1981956867,18.0
Services,2022,1.0,870754,3577172.100634608,25.0
Services,2022,2.0,867015,1683298.750715694,15.0
Services,2022,3.0,872806,1314518.204901594,12.0
Services,2022,4.0,867079,1122000.96963289,30.0
Services,2022,5.0,867969,1114652.284437331,8.0
Services,2022,6.0,867487,1072646.8551997,55.0
Services,2022,7.0,868737,796677.6999403597,66.0
Services,2022,8.0,866249,707578.8593344297,35.0
Services,2022,9.0,868996,673462.5058454433,25.0
Services,2022,10.0,864976,642653.3446185567,18.0
Services,2025,1.0,1605290,518784.2679429296,18.0
Services,2025,2.0,1610625,414658.828728807,10.0
Services,2025,3.0,1601996,314568.7666218536,145.0
Services,2025,4.0,1604501,314267.7438786748,19.0
Services,2025,5.0,1606932,301779.4809081873,9.0
Services,2025,6.0,1602386,283111.8899596682,29.0
Services,2025,7.0,1602877,276439.219152538,15.0
Services,2025,8.0,1603380,276439.219152538,24.0
Services,2025,9.0,1605623,264345.0033146144,16.0
Services,2025,10.0,1610331,248795.2972372842,60.0
