sector,survey_year,rank_in_group,firm_id,value_added_per_employee,employees
Manufacturing,2014,1.0,565820,1208724.747697085,70.0
Manufacturing,2014,2.0,570778,599612.0914786422,62.0
Manufacturing,2014,3.0,568197,501443.0420830692,12.0
Manufacturing,2014,4.0,566296,470050.390971742,103.0
Manufacturing,2014,5.0,565790,440690.623863798,200.0
Manufacturing,2014,6.0,566839,345822.787643496,8.0
Manufacturing,2014,7.0,568813,345822.787643496,100.0
Manufacturing,2014,8.0,566371,336641.6516883589,113.0
Manufacturing,2014,9.0,568298,322479.74947756,8.0
Manufacturing,2014,10.0,565273,311240.5088791464,40.0
Manufacturing,2022,1.0,866960,661980.5720834048,30.0
Manufacturing,2022,2.0,872793,419595.9636955286,15.0
Manufacturing,2022,3.0,867250,401542.0336134601,325.0
Manufacturing,2022,4.0,864669,362974.6609604756,186.0
Manufacturing,2022,5.0,872606,353558.0710979855,25.0
Manufacturing,2022,6.0,865090,330000.2851861441,17.0
Manufacturing,2022,7.0,870057,311653.6177505676,15.0
Manufacturing,2022,8.0,867371,290364.8026261829,30.0
Manufacturing,2022,9.0,871301,286039.1613865868,250.0
Manufacturing,2022,10.0,864197,285008.3478199152,19.0
Manufacturing,2025,1.0,1602843,227075.0728752991,210.0
Manufacturing,2025,2.0,1604909,178026.8571342345,150.0
Manufacturing,2025,3.0,1606976,170741.8706530381,17.0
Manufacturing,2025,4.0,1605003,138219.609576269,12.0
Manufacturing,2025,5.0,1606794,138219.6095762689,18.0
Manufacturing,2025,6.0,1601955,122934.1468701875,170.0
Manufacturing,2025,7.0,1602006,122215.2337305957,19.0
Manufacturing,2025,8.0,1611379,121806.030939087,320.0
Manufacturing,2025,9.0,1609779,118678.2164982448,290.0
Manufacturing,2025,10.0,1606441,115183.0079802242,18.0
